experiment,model,seed,f1,roc_auc,pr_auc,balanced_accuracy,mcc,fp,fn,errors,n
cross_source_A_sajid576_TO_B_sqliv2,Random Forest,42,0.791980,0.963049,0.843199,0.941721,0.793990,63,20,83,15182
cross_source_A_sajid576_TO_B_sqliv2,XGBoost,42,0.666667,0.920517,0.560457,0.900829,0.672798,110,34,144,15182
cross_source_A_sajid576_TO_B_sqliv2,Logistic Regression,42,0.832335,0.956093,0.794097,0.889883,0.832327,17,39,56,15182
cross_source_A_sajid576_TO_B_sqliv2,SVM,42,0.885057,0.967435,0.857108,0.932051,0.883965,16,24,40,15182
cross_source_A_sajid576_TO_B_sqliv2,Char LinearSVC,42,0.939130,0.996553,0.938049,0.954890,0.938920,5,16,21,15182
cross_source_A_sajid576_TO_B_sqliv2,Char Logistic Regression,42,0.877743,0.986371,0.914259,0.893225,0.882545,1,38,39,15182
cross_source_B_sqliv2_TO_A_sajid576,Random Forest,42,0.016107,0.832209,0.041566,0.528173,0.018426,11360,2,11362,12408
cross_source_B_sqliv2_TO_A_sajid576,XGBoost,42,0.015222,0.606690,0.022834,0.501101,0.000683,11249,8,11257,12408
cross_source_B_sqliv2_TO_A_sajid576,Logistic Regression,42,0.016006,0.524955,0.008429,0.523841,0.012297,10689,8,10697,12408
cross_source_B_sqliv2_TO_A_sajid576,SVM,42,0.016458,0.527876,0.007930,0.537812,0.021358,10993,3,10996,12408
cross_source_B_sqliv2_TO_A_sajid576,Char LinearSVC,42,0.017297,0.781690,0.055485,0.559228,0.028189,10336,4,10340,12408
cross_source_B_sqliv2_TO_A_sajid576,Char Logistic Regression,42,0.017298,0.761501,0.064303,0.550126,0.019078,8616,19,8635,12408
