experiment,model,family,seed,f1,roc_auc,pr_auc,balanced_accuracy,mcc,fp,fn,errors,n
cross_source_A_sajid576_TO_B_sqliv2,Char LinearSVC,classical,42,0.93913,0.996553,0.938049,0.95489,0.93892,5,16,21,15182
cross_source_A_sajid576_TO_B_sqliv2,Char Logistic Regression,classical,42,0.877743,0.986371,0.914259,0.893225,0.882545,1,38,39,15182
cross_source_A_sajid576_TO_B_sqliv2,SVM,classical,42,0.885057,0.967435,0.857108,0.932051,0.883965,16,24,40,15182
cross_source_A_sajid576_TO_B_sqliv2,Logistic Regression,classical,42,0.832335,0.956093,0.794097,0.889883,0.832327,17,39,56,15182
cross_source_A_sajid576_TO_B_sqliv2,Random Forest,classical,42,0.79198,0.963049,0.843199,0.941721,0.79399,63,20,83,15182
cross_source_A_sajid576_TO_B_sqliv2,BERT-base,transformer,42,0.7302904564315352,0.9972336964824362,0.9800935840225108,0.9901164932796946,0.7532406909823803,128,2,130,15182
cross_source_A_sajid576_TO_B_sqliv2,XGBoost,classical,42,0.666667,0.920517,0.560457,0.900829,0.672798,110,34,144,15182
cross_source_A_sajid576_TO_B_sqliv2,CodeBERT,transformer,42,0.3089285714285714,0.990252412090858,0.8390625882276216,0.9603285565796686,0.4108005305242739,769,5,774,15182
cross_source_B_sqliv2_TO_A_sajid576,Char Logistic Regression,classical,42,0.017298,0.761501,0.064303,0.550126,0.019078,8616,19,8635,12408
cross_source_B_sqliv2_TO_A_sajid576,Char LinearSVC,classical,42,0.017297,0.78169,0.055485,0.559228,0.028189,10336,4,10340,12408
cross_source_B_sqliv2_TO_A_sajid576,Logistic Regression,classical,42,0.016006,0.524955,0.008429,0.523841,0.012297,10689,8,10697,12408
cross_source_B_sqliv2_TO_A_sajid576,SVM,classical,42,0.016458,0.527876,0.00793,0.537812,0.021358,10993,3,10996,12408
cross_source_B_sqliv2_TO_A_sajid576,XGBoost,classical,42,0.015222,0.60669,0.022834,0.501101,0.000683,11249,8,11257,12408
cross_source_B_sqliv2_TO_A_sajid576,Random Forest,classical,42,0.016107,0.832209,0.041566,0.528173,0.018426,11360,2,11362,12408
cross_source_B_sqliv2_TO_A_sajid576,BERT-base,transformer,42,0.0161985180079269,0.8476454068656576,0.4541009850253147,0.5311211513718919,0.0209496439124991,11417,1,11418,12408
cross_source_B_sqliv2_TO_A_sajid576,CodeBERT,transformer,42,0.015315170078994,0.7032934810021074,0.0345677011736758,0.5039389263380167,0.0077968479403841,12216,0,12216,12408
