model,family,accuracy,precision,recall,f1,roc_auc,pr_auc,balanced_accuracy,mcc,tn,fp,fn,tp,errors,n,split_seed
Random Forest,classical,0.997164628743576,0.9977158519872088,0.99498861047836,0.9963503649635036,0.9988298653869532,0.9981663096892776,0.9967692472345396,0.9940346926333112,3443,5,11,2184,16,5643,101
XGBoost,classical,0.9969874180400496,0.999083409715857,0.9931662870159452,0.9961160612291524,0.9982256393723342,0.9971660158144612,0.9962931203061164,0.9936672327718749,3446,2,15,2180,17,5643,101
Logistic Regression,classical,0.989190147084884,0.989000916590284,0.9831435079726653,0.9860635138222528,0.9982721487878484,0.9974287941346792,0.9880914755640589,0.9772460790190448,3424,24,37,2158,61,5643,101
SVM,classical,0.9925571504518872,0.9926773455377574,0.9881548974943052,0.9904109589041096,0.9987819025522042,0.9980244763739422,0.9917572631323034,0.9843361941775964,3432,16,26,2169,42,5643,101
Char LinearSVC,classical,0.999291157185894,0.9995440036479708,0.9986332574031892,0.9990884229717412,0.9999828892917356,0.9999695475346774,0.9991716171006664,0.9985088225834484,3447,1,3,2192,4,5643,101
Char Logistic Regression,classical,0.9959241538188908,0.999540018399264,0.9899772209567198,0.9947356374456398,0.999939550972734,0.9999051026135348,0.9948435988774318,0.9914411113084468,3447,1,22,2173,23,5643,101
CodeBERT,transformer,0.999291157185894,0.9990888382687928,0.9990888382687928,0.9990888382687928,0.9999970931615304,0.9999954514180682,0.9992543959325402,0.9985087918650803,3446,2,2,2193,4,5643,101
Random Forest,classical,0.9975269387034092,0.99728014505893,0.9963768115942028,0.9968282736746716,0.9990780045287232,0.9985691317049744,0.9973195960664324,0.9948019128832064,3447,6,8,2200,14,5661,202
XGBoost,classical,0.9964670552905848,0.9986326344576116,0.9923007246376812,0.9954566106315312,0.998464237147282,0.9975373626246746,0.9957159574535062,0.9925799226887954,3450,3,17,2191,20,5661,202
Logistic Regression,classical,0.9913442854619324,0.9913518434228492,0.9864130434782608,0.9888762769580024,0.9985443764506394,0.9979779303458906,0.9904552909253452,0.9818005548621908,3434,19,30,2178,49,5661,202
SVM,classical,0.9945239357004064,0.9945479327578374,0.991394927536232,0.9929689271943752,0.99904803426552,0.9984684187734074,0.993959844306778,0.9884879824922764,3441,12,19,2189,31,5661,202
Char LinearSVC,classical,0.9987634693517048,0.9995460735360872,0.9972826086956522,0.9984130582634324,0.999757942578812,0.9997021539218018,0.998496502726048,0.9974019021445688,3452,1,6,2202,7,5661,202
Char Logistic Regression,classical,0.996290408055114,1.0,0.9904891304347826,0.995221843003413,0.9994831605157456,0.9994588654307576,0.9952445652173914,0.9922205993271952,3453,0,21,2187,21,5661,202
CodeBERT,transformer,0.9994700582935876,0.9990946129470348,0.9995471014492754,0.9993208059769074,0.9999923926684212,0.9999883875138654,0.9994839474810814,0.998886407062084,3451,2,1,2207,3,5661,202
BERT-base,transformer,0.9991139464823676,0.9977272727272728,1.0,0.9988623435722412,0.999999603612936,0.9999993781880816,0.9992749419953596,0.9981384936150868,3443,5,0,2195,5,5643,101
BERT-base,transformer,0.9994700582935876,1.0,0.998641304347826,0.9993201903467028,0.999868839110708,0.9998218407467476,0.9993206521739132,0.998886594271632,3453,0,3,2205,3,5661,202
Random Forest,classical,0.9971701450300672,0.997725204731574,0.9950090744101632,0.9963652885052248,0.9988843736026723,0.998385958713976,0.9967798995239222,0.994050945310396,3445,5,11,2193,16,5654,42
XGBoost,classical,0.9962858153519633,0.997720018239854,0.9927404718693283,0.995224016374801,0.998267116441779,0.997196755060272,0.9956455982535048,0.9921937258425364,3445,5,16,2188,21,5654,42
Logistic Regression,classical,0.9908029713477184,0.9931255728689276,0.9832123411978222,0.9881440948472412,0.9983963281517136,0.997356849237646,0.9894322575554328,0.9806650470190408,3435,15,37,2167,52,5654,42
SVM,classical,0.99557835160948,0.9954524783992724,0.9931941923774956,0.9943220531455824,0.998418159341382,0.9978393251542595,0.9951478208264288,0.9907032091521902,3440,10,15,2189,25,5654,42
Char LinearSVC,classical,0.9984082065794128,0.9990904956798544,0.9968239564428312,0.9979559391324098,0.9995866540414003,0.9995242743986726,0.998122123148952,0.996654262013524,3448,2,7,2197,9,5654,42
Char Logistic Regression,classical,0.996462681287584,0.9986301369863012,0.9922867513611616,0.9954483386436048,0.9993468397380258,0.9993398781195494,0.9957085930718852,0.9925691816502538,3447,3,17,2187,20,5654,42
BERT-base,transformer,0.9989388043862752,0.9990917347865576,0.998185117967332,0.9986382206082616,0.9999546279491832,0.9999319733075356,0.9988027039112024,0.9977691835852572,3448,2,4,2200,6,5654,42
CodeBERT,transformer,0.9994694021931376,0.9995460735360872,0.999092558983666,0.9993192648059904,0.99997106709803,0.9999587498697292,0.9994013519556012,0.9988846142841228,3449,1,2,2202,3,5654,42
