file,rows,sha256
preprocessing/conflicted_groups.csv.gz,2,3c45a2abaa18dd4c8f1d7b54e3f78fc4f7fe42c2dc94d72b7c7d0f23a32cd2f0
preprocessing/corrected_corpus.csv.gz,56621,db93e975e38c8be426c14798f2c875950c4bd781947339d1a11a02ba596e4e1e
preprocessing/source_A_cleaned.csv.gz,30766,560cc1a493d20ef7956a04a54b208c182dbbb3f6844d1fa9d5c1fed60f4a085d
preprocessing/source_B_cleaned.csv.gz,33537,2053026aaf1b4d024a9fdc519825773bd218af9f2d619b6fa5b12ad76f79c03e
preprocessing/stage_counts.csv.gz,8,db01b7473ff69a4e06d61a63ecdb54b2ccb6cd267f652191f7bda132cef93bd7
splits/fuzzy_cluster_assignments_tau07.csv.gz,45915,aed4aad945527418c4ec05cd8ea4bd221c70d87f3f30d4487817d2c745026fd1
splits/fuzzy_cluster_assignments_tau08.csv.gz,45915,7af24aedb2df4c390b7bdb7f977c3598ca3492b8e6a69cd8d4955a1a1d16d5ef
splits/fuzzy_cluster_assignments_tau09.csv.gz,45915,3be3dbf343fc50a8239d6be7e81ee40a26a21ff8e13e9074747d6ca3288d04a9
splits/primary_group_split.csv.gz,56621,ac959639b5dac296320283b551530f466611596d3499a842da7717d0c23beb91
